INSERT INTO general(id, workplace)
VALUES
    ((SELECT id FROM person WHERE fc = 'BNTRNN66M48B165D'), (SELECT id FROM province WHERE abbreviation = 'TN')),
    ((SELECT id FROM person WHERE fc = 'MNCSNT74R51D365A'), (SELECT id FROM province WHERE abbreviation = 'TN')),
    ((SELECT id FROM person WHERE fc = 'DNGRRA76P67E173X'), (SELECT id FROM province WHERE abbreviation = 'TN')),
    ((SELECT id FROM person WHERE fc = 'MRNGNN77E10I805N'), (SELECT id FROM province WHERE abbreviation = 'BZ')),
    ((SELECT id FROM person WHERE fc = 'GTTSNT70D47I686O'), (SELECT id FROM province WHERE abbreviation = 'BZ'));

INSERT INTO hs_admin(id, workplace)
VALUES
    ((SELECT id FROM person WHERE fc = 'CLMSRG68C26A023R'), (SELECT id FROM province WHERE abbreviation = 'TN')),
    ((SELECT id FROM person WHERE fc = 'DNTDNL78C47B590N'), (SELECT id FROM province WHERE abbreviation = 'BZ'));

INSERT INTO hs_doctor(id, workplace)
VALUES
    ((SELECT id FROM person WHERE fc = 'FLCVNT69L41A975G'), (SELECT id FROM province WHERE abbreviation = 'TN')),
    ((SELECT id FROM person WHERE fc = 'RNAGNI70R23B712K'), (SELECT id FROM province WHERE abbreviation = 'TN')),
    ((SELECT id FROM person WHERE fc = 'RSSGTN68C19G736G'), (SELECT id FROM province WHERE abbreviation = 'TN')),
    ((SELECT id FROM person WHERE fc = 'GRCSRG82P27E329Q'), (SELECT id FROM province WHERE abbreviation = 'BZ')),
    ((SELECT id FROM person WHERE fc = 'SRRSFN72D69H006B'), (SELECT id FROM province WHERE abbreviation = 'BZ'));

INSERT INTO specialist(id)
VALUES
    ((SELECT id FROM person WHERE fc = 'RLNMCL73H10E554H')),
    ((SELECT id FROM person WHERE fc = 'LMBGNN74E19F750F')),
    ((SELECT id FROM person WHERE fc = 'MNCMRT73H26H891I')),
    ((SELECT id FROM person WHERE fc = 'DMCCST73T47A520Y')),
    ((SELECT id FROM person WHERE fc = 'GRRGLI71H29M072L'));

INSERT INTO qualification(specialist, exam)
VALUES
    ((SELECT id FROM person WHERE fc = 'RLNMCL73H10E554H'), (SELECT id FROM exam WHERE name = 'Risonanza magnetica nucleare (RM) muscoloscheletrica senza e con contrasto')),
    ((SELECT id FROM person WHERE fc = 'RLNMCL73H10E554H'), (SELECT id FROM exam WHERE name = 'Alfa 2')),
    ((SELECT id FROM person WHERE fc = 'RLNMCL73H10E554H'), (SELECT id FROM exam WHERE name = 'Risonanza magnetica nucleare (RM) muscoloscheletrica')),
    ((SELECT id FROM person WHERE fc = 'RLNMCL73H10E554H'), (SELECT id FROM exam WHERE name = 'Calcio totale')),
    ((SELECT id FROM person WHERE fc = 'RLNMCL73H10E554H'), (SELECT id FROM exam WHERE name = 'Ige specifiche allergologiche')),
    ((SELECT id FROM person WHERE fc = 'RLNMCL73H10E554H'), (SELECT id FROM exam WHERE name = 'Cromo')),
    ((SELECT id FROM person WHERE fc = 'RLNMCL73H10E554H'), (SELECT id FROM exam WHERE name = 'Antigene carboidratico 125')),
    ((SELECT id FROM person WHERE fc = 'RLNMCL73H10E554H'), (SELECT id FROM exam WHERE name = 'Magnesio')),
    ((SELECT id FROM person WHERE fc = 'RLNMCL73H10E554H'), (SELECT id FROM exam WHERE name = 'Proteine')),
    ((SELECT id FROM person WHERE fc = 'RLNMCL73H10E554H'), (SELECT id FROM exam WHERE name = 'Colesterolo HDL')),
    ((SELECT id FROM person WHERE fc = 'RLNMCL73H10E554H'), (SELECT id FROM exam WHERE name = 'Creatinchinasi')),
    ((SELECT id FROM person WHERE fc = 'RLNMCL73H10E554H'), (SELECT id FROM exam WHERE name = 'Albumina')),
    ((SELECT id FROM person WHERE fc = 'RLNMCL73H10E554H'), (SELECT id FROM exam WHERE name = 'Beta tromboglobulina')),
    ((SELECT id FROM person WHERE fc = 'RLNMCL73H10E554H'), (SELECT id FROM exam WHERE name = 'Analisi mutazione del DNA con ibridazione sonde radiomarcate')),
    ((SELECT id FROM person WHERE fc = 'RLNMCL73H10E554H'), (SELECT id FROM exam WHERE name = 'Sudore')),
    ((SELECT id FROM person WHERE fc = 'RLNMCL73H10E554H'), (SELECT id FROM exam WHERE name = 'Creatinina')),
    ((SELECT id FROM person WHERE fc = 'RLNMCL73H10E554H'), (SELECT id FROM exam WHERE name = 'Fosfato inorganico')),
    ((SELECT id FROM person WHERE fc = 'RLNMCL73H10E554H'), (SELECT id FROM exam WHERE name = 'Ferro')),
    ((SELECT id FROM person WHERE fc = 'RLNMCL73H10E554H'), (SELECT id FROM exam WHERE name = 'Analisi mutazione del DNA con ibridazione sonde non radiomarcate')),
    ((SELECT id FROM person WHERE fc = 'RLNMCL73H10E554H'), (SELECT id FROM exam WHERE name = 'Glicoproteina'));

INSERT INTO qualification(specialist, exam)
VALUES
    ((SELECT id FROM person WHERE fc = 'LMBGNN74E19F750F'),(SELECT id FROM exam WHERE name = 'Aspartato aminotrasferiasi')),
    ((SELECT id FROM person WHERE fc = 'LMBGNN74E19F750F'),(SELECT id FROM exam WHERE name = 'Cromo')),
    ((SELECT id FROM person WHERE fc = 'LMBGNN74E19F750F'),(SELECT id FROM exam WHERE name = 'Aldolasi')),
    ((SELECT id FROM person WHERE fc = 'LMBGNN74E19F750F'),(SELECT id FROM exam WHERE name = 'Analisi mutazione del DNA con reverse dot blot')),
    ((SELECT id FROM person WHERE fc = 'LMBGNN74E19F750F'),(SELECT id FROM exam WHERE name = 'Ige specifiche allergologiche')),
    ((SELECT id FROM person WHERE fc = 'LMBGNN74E19F750F'),(SELECT id FROM exam WHERE name = 'Acido delta')),
    ((SELECT id FROM person WHERE fc = 'LMBGNN74E19F750F'),(SELECT id FROM exam WHERE name = 'Androstenediolo')),
    ((SELECT id FROM person WHERE fc = 'LMBGNN74E19F750F'),(SELECT id FROM exam WHERE name = 'Potassio')),
    ((SELECT id FROM person WHERE fc = 'LMBGNN74E19F750F'),(SELECT id FROM exam WHERE name = 'Antigene carcino embrionario')),
    ((SELECT id FROM person WHERE fc = 'LMBGNN74E19F750F'),(SELECT id FROM exam WHERE name = 'Enolasi')),
    ((SELECT id FROM person WHERE fc = 'LMBGNN74E19F750F'),(SELECT id FROM exam WHERE name = 'Anticorpi anti microsomi')),
    ((SELECT id FROM person WHERE fc = 'LMBGNN74E19F750F'),(SELECT id FROM exam WHERE name = 'Sodio')),
    ((SELECT id FROM person WHERE fc = 'LMBGNN74E19F750F'),(SELECT id FROM exam WHERE name = 'Fosfatasi alcalina isoenzima osseo')),
    ((SELECT id FROM person WHERE fc = 'LMBGNN74E19F750F'),(SELECT id FROM exam WHERE name = 'Eparina')),
    ((SELECT id FROM person WHERE fc = 'LMBGNN74E19F750F'),(SELECT id FROM exam WHERE name = 'Urato Urea')),
    ((SELECT id FROM person WHERE fc = 'LMBGNN74E19F750F'),(SELECT id FROM exam WHERE name = 'Alfa amilasi')),
    ((SELECT id FROM person WHERE fc = 'LMBGNN74E19F750F'),(SELECT id FROM exam WHERE name = 'Lattato')),
    ((SELECT id FROM person WHERE fc = 'LMBGNN74E19F750F'),(SELECT id FROM exam WHERE name = 'Alfa 2')),
    ((SELECT id FROM person WHERE fc = 'LMBGNN74E19F750F'),(SELECT id FROM exam WHERE name = 'Antigeni HLA')),
    ((SELECT id FROM person WHERE fc = 'LMBGNN74E19F750F'),(SELECT id FROM exam WHERE name = 'Colesterolo LDL'));

INSERT INTO qualification(specialist, exam)
VALUES
    ((SELECT id FROM person WHERE fc = 'MNCMRT73H26H891I'), (SELECT id FROM exam WHERE name = 'Gruppo sanguigno ABO e RH (D)')),
    ((SELECT id FROM person WHERE fc = 'MNCMRT73H26H891I'), (SELECT id FROM exam WHERE name = 'Magnesio')),
    ((SELECT id FROM person WHERE fc = 'MNCMRT73H26H891I'), (SELECT id FROM exam WHERE name = 'Analisi mutazione del DNA con ibridazione sonde radiomarcate')),
    ((SELECT id FROM person WHERE fc = 'MNCMRT73H26H891I'), (SELECT id FROM exam WHERE name = 'Anticorpi anti microsomi')),
    ((SELECT id FROM person WHERE fc = 'MNCMRT73H26H891I'), (SELECT id FROM exam WHERE name = 'Beta tromboglobulina')),
    ((SELECT id FROM person WHERE fc = 'MNCMRT73H26H891I'), (SELECT id FROM exam WHERE name = 'Androstenediolo')),
    ((SELECT id FROM person WHERE fc = 'MNCMRT73H26H891I'), (SELECT id FROM exam WHERE name = 'Alanina')),
    ((SELECT id FROM person WHERE fc = 'MNCMRT73H26H891I'), (SELECT id FROM exam WHERE name = 'Inibitore attivatore del plasminogeno')),
    ((SELECT id FROM person WHERE fc = 'MNCMRT73H26H891I'), (SELECT id FROM exam WHERE name = 'Potassio')),
    ((SELECT id FROM person WHERE fc = 'MNCMRT73H26H891I'), (SELECT id FROM exam WHERE name = 'Eparina')),
    ((SELECT id FROM person WHERE fc = 'MNCMRT73H26H891I'), (SELECT id FROM exam WHERE name = 'Analisi mutazione del DNA con reverse dot blot')),
    ((SELECT id FROM person WHERE fc = 'MNCMRT73H26H891I'), (SELECT id FROM exam WHERE name = 'Mioglobina')),
    ((SELECT id FROM person WHERE fc = 'MNCMRT73H26H891I'), (SELECT id FROM exam WHERE name = 'Acido 5 idrossi 3 indolacetico')),
    ((SELECT id FROM person WHERE fc = 'MNCMRT73H26H891I'), (SELECT id FROM exam WHERE name = 'Urato Urea')),
    ((SELECT id FROM person WHERE fc = 'MNCMRT73H26H891I'), (SELECT id FROM exam WHERE name = 'Densitometria ossera')),
    ((SELECT id FROM person WHERE fc = 'MNCMRT73H26H891I'), (SELECT id FROM exam WHERE name = 'Fenotipo RH')),
    ((SELECT id FROM person WHERE fc = 'MNCMRT73H26H891I'), (SELECT id FROM exam WHERE name = 'Colesterolo totale')),
    ((SELECT id FROM person WHERE fc = 'MNCMRT73H26H891I'), (SELECT id FROM exam WHERE name = 'Analisi di polimorfismi')),
    ((SELECT id FROM person WHERE fc = 'MNCMRT73H26H891I'), (SELECT id FROM exam WHERE name = 'Alfa amilasi')),
    ((SELECT id FROM person WHERE fc = 'MNCMRT73H26H891I'), (SELECT id FROM exam WHERE name = 'Creatinina'));

INSERT INTO qualification(specialist, exam)
VALUES
    ((SELECT id FROM person WHERE fc = 'DMCCST73T47A520Y'), (SELECT id FROM exam WHERE name = 'Antigene carboidratico 15.3')),
    ((SELECT id FROM person WHERE fc = 'DMCCST73T47A520Y'), (SELECT id FROM exam WHERE name = 'Proteine')),
    ((SELECT id FROM person WHERE fc = 'DMCCST73T47A520Y'), (SELECT id FROM exam WHERE name = 'Ala deidrasi')),
    ((SELECT id FROM person WHERE fc = 'DMCCST73T47A520Y'), (SELECT id FROM exam WHERE name = 'Analisi citogenetica per fragilita cromosomica')),
    ((SELECT id FROM person WHERE fc = 'DMCCST73T47A520Y'), (SELECT id FROM exam WHERE name = 'Magnesio')),
    ((SELECT id FROM person WHERE fc = 'DMCCST73T47A520Y'), (SELECT id FROM exam WHERE name = 'Ige specifiche allergologiche screening qualitativo')),
    ((SELECT id FROM person WHERE fc = 'DMCCST73T47A520Y'), (SELECT id FROM exam WHERE name = 'Fosfatasi alcalina')),
    ((SELECT id FROM person WHERE fc = 'DMCCST73T47A520Y'), (SELECT id FROM exam WHERE name = 'Aldolasi')),
    ((SELECT id FROM person WHERE fc = 'DMCCST73T47A520Y'), (SELECT id FROM exam WHERE name = 'Colesterolo LDL')),
    ((SELECT id FROM person WHERE fc = 'DMCCST73T47A520Y'), (SELECT id FROM exam WHERE name = 'Urato Urea')),
    ((SELECT id FROM person WHERE fc = 'DMCCST73T47A520Y'), (SELECT id FROM exam WHERE name = 'Albumina')),
    ((SELECT id FROM person WHERE fc = 'DMCCST73T47A520Y'), (SELECT id FROM exam WHERE name = 'Mioglobina')),
    ((SELECT id FROM person WHERE fc = 'DMCCST73T47A520Y'), (SELECT id FROM exam WHERE name = 'Risonanza magnetica nucleare (RM) muscoloscheletrica')),
    ((SELECT id FROM person WHERE fc = 'DMCCST73T47A520Y'), (SELECT id FROM exam WHERE name = 'Lattato')),
    ((SELECT id FROM person WHERE fc = 'DMCCST73T47A520Y'), (SELECT id FROM exam WHERE name = 'Antigene carboidratico 19.9')),
    ((SELECT id FROM person WHERE fc = 'DMCCST73T47A520Y'), (SELECT id FROM exam WHERE name = 'Creatinchinasi')),
    ((SELECT id FROM person WHERE fc = 'DMCCST73T47A520Y'), (SELECT id FROM exam WHERE name = 'Analisi mutazione del DNA con ibridazione sonde non radiomarcate')),
    ((SELECT id FROM person WHERE fc = 'DMCCST73T47A520Y'), (SELECT id FROM exam WHERE name = 'Antigene carboidratico 125')),
    ((SELECT id FROM person WHERE fc = 'DMCCST73T47A520Y'), (SELECT id FROM exam WHERE name = 'Ferro')),
    ((SELECT id FROM person WHERE fc = 'DMCCST73T47A520Y'), (SELECT id FROM exam WHERE name = 'Analisi mutazione del DNA con ibridazione sonde radiomarcate'));

INSERT INTO qualification(specialist, exam)
VALUES
    ((SELECT id FROM person WHERE fc = 'GRRGLI71H29M072L'), (SELECT id FROM exam WHERE name = 'Aspartato aminotrasferiasi')),
    ((SELECT id FROM person WHERE fc = 'GRRGLI71H29M072L'), (SELECT id FROM exam WHERE name = 'Creatinchinasi')),
    ((SELECT id FROM person WHERE fc = 'GRRGLI71H29M072L'), (SELECT id FROM exam WHERE name = 'Fosfatasi acida')),
    ((SELECT id FROM person WHERE fc = 'GRRGLI71H29M072L'), (SELECT id FROM exam WHERE name = 'Sudore')),
    ((SELECT id FROM person WHERE fc = 'GRRGLI71H29M072L'), (SELECT id FROM exam WHERE name = 'Eparina')),
    ((SELECT id FROM person WHERE fc = 'GRRGLI71H29M072L'), (SELECT id FROM exam WHERE name = 'Gruppo sanguigno ABO e RH (D)')),
    ((SELECT id FROM person WHERE fc = 'GRRGLI71H29M072L'), (SELECT id FROM exam WHERE name = 'Cyfra')),
    ((SELECT id FROM person WHERE fc = 'GRRGLI71H29M072L'), (SELECT id FROM exam WHERE name = 'Antigene carcino embrionario')),
    ((SELECT id FROM person WHERE fc = 'GRRGLI71H29M072L'), (SELECT id FROM exam WHERE name = 'Ala deidrasi')),
    ((SELECT id FROM person WHERE fc = 'GRRGLI71H29M072L'), (SELECT id FROM exam WHERE name = 'Antigene carboidratico 125')),
    ((SELECT id FROM person WHERE fc = 'GRRGLI71H29M072L'), (SELECT id FROM exam WHERE name = 'Lipasi')),
    ((SELECT id FROM person WHERE fc = 'GRRGLI71H29M072L'), (SELECT id FROM exam WHERE name = 'Alfa 2')),
    ((SELECT id FROM person WHERE fc = 'GRRGLI71H29M072L'), (SELECT id FROM exam WHERE name = 'Densitometria ossera')),
    ((SELECT id FROM person WHERE fc = 'GRRGLI71H29M072L'), (SELECT id FROM exam WHERE name = 'Alfa amilasi isoenzimi')),
    ((SELECT id FROM person WHERE fc = 'GRRGLI71H29M072L'), (SELECT id FROM exam WHERE name = 'Virus epatite B (HBV) Antigeni Hbeag')),
    ((SELECT id FROM person WHERE fc = 'GRRGLI71H29M072L'), (SELECT id FROM exam WHERE name = 'Fenotipo RH')),
    ((SELECT id FROM person WHERE fc = 'GRRGLI71H29M072L'), (SELECT id FROM exam WHERE name = 'Trigliceridi')),
    ((SELECT id FROM person WHERE fc = 'GRRGLI71H29M072L'), (SELECT id FROM exam WHERE name = 'Enolasi')),
    ((SELECT id FROM person WHERE fc = 'GRRGLI71H29M072L'), (SELECT id FROM exam WHERE name = 'Deossicortisolo')),
    ((SELECT id FROM person WHERE fc = 'GRRGLI71H29M072L'), (SELECT id FROM exam WHERE name = 'Acido 5 idrossi 3 indolacetico'));

INSERT INTO hs_qualification(doctor, exam)
VALUES
    ((SELECT id FROM person WHERE fc = 'FLCVNT69L41A975G'), (SELECT id FROM hs_exam WHERE name = 'Test aggregazione piastrinica')),
    ((SELECT id FROM person WHERE fc = 'FLCVNT69L41A975G'), (SELECT id FROM hs_exam WHERE name = 'Cariotipo da metafasi di midollo osseo')),
    ((SELECT id FROM person WHERE fc = 'FLCVNT69L41A975G'), (SELECT id FROM hs_exam WHERE name = 'Viscosita ematica')),
    ((SELECT id FROM person WHERE fc = 'FLCVNT69L41A975G'), (SELECT id FROM hs_exam WHERE name = 'Tipizzazione genomica HLA : DR seq. diretto')),
    ((SELECT id FROM person WHERE fc = 'FLCVNT69L41A975G'), (SELECT id FROM hs_exam WHERE name = 'Applicazione di corona in lega aurea')),
    ((SELECT id FROM person WHERE fc = 'FLCVNT69L41A975G'), (SELECT id FROM hs_exam WHERE name = 'Tomoscintigrafia Cerebrale (PET)')),
    ((SELECT id FROM person WHERE fc = 'FLCVNT69L41A975G'), (SELECT id FROM hs_exam WHERE name = 'Estrazione di dente permanente')),
    ((SELECT id FROM person WHERE fc = 'FLCVNT69L41A975G'), (SELECT id FROM hs_exam WHERE name = 'Chlamydie ricerca diretta (IF)')),
    ((SELECT id FROM person WHERE fc = 'FLCVNT69L41A975G'), (SELECT id FROM hs_exam WHERE name = 'Immunizzazione allergia')),
    ((SELECT id FROM person WHERE fc = 'FLCVNT69L41A975G'), (SELECT id FROM hs_exam WHERE name = 'Colorazione aggiuntiva in bande: bandeggio T')),
    ((SELECT id FROM person WHERE fc = 'FLCVNT69L41A975G'), (SELECT id FROM hs_exam WHERE name = 'Salmonelle da coltura')),
    ((SELECT id FROM person WHERE fc = 'FLCVNT69L41A975G'), (SELECT id FROM hs_exam WHERE name = 'Tipizzazione genomica HLA : DP alta risoluzione')),
    ((SELECT id FROM person WHERE fc = 'FLCVNT69L41A975G'), (SELECT id FROM hs_exam WHERE name = 'Analisi di segmenti di DNA')),
    ((SELECT id FROM person WHERE fc = 'FLCVNT69L41A975G'), (SELECT id FROM hs_exam WHERE name = 'Tipizzazione genomica HLA : B')),
    ((SELECT id FROM person WHERE fc = 'FLCVNT69L41A975G'), (SELECT id FROM hs_exam WHERE name = 'Levigatura delle radici')),
    ((SELECT id FROM person WHERE fc = 'FLCVNT69L41A975G'), (SELECT id FROM hs_exam WHERE name = 'Tipizzazione genomica HLA : DRB bassa risoluzione')),
    ((SELECT id FROM person WHERE fc = 'FLCVNT69L41A975G'), (SELECT id FROM hs_exam WHERE name = 'Rimozione protesi dentarie')),
    ((SELECT id FROM person WHERE fc = 'FLCVNT69L41A975G'), (SELECT id FROM hs_exam WHERE name = 'Tipizzazione genomica HLA : C')),
    ((SELECT id FROM person WHERE fc = 'FLCVNT69L41A975G'), (SELECT id FROM hs_exam WHERE name = 'Crioconservazione in azoto liquido di colture cellulari')),
    ((SELECT id FROM person WHERE fc = 'FLCVNT69L41A975G'), (SELECT id FROM hs_exam WHERE name = 'Analisi citogenetica per studio mosaicismo')),
    ((SELECT id FROM person WHERE fc = 'FLCVNT69L41A975G'), (SELECT id FROM hs_exam WHERE name = 'Coltura di villi coriali a breve termine')),
    ((SELECT id FROM person WHERE fc = 'FLCVNT69L41A975G'), (SELECT id FROM hs_exam WHERE name = 'Tipizzazione genomica HLA : DQ alta risoluzione')),
    ((SELECT id FROM person WHERE fc = 'FLCVNT69L41A975G'), (SELECT id FROM hs_exam WHERE name = 'Chlamydie ricerca diretta (ibridazione)')),
    ((SELECT id FROM person WHERE fc = 'FLCVNT69L41A975G'), (SELECT id FROM hs_exam WHERE name = 'Terapie e riabilitazioni')),
    ((SELECT id FROM person WHERE fc = 'FLCVNT69L41A975G'), (SELECT id FROM hs_exam WHERE name = 'Terapia canalare in monoradicolato')),
    ((SELECT id FROM person WHERE fc = 'FLCVNT69L41A975G'), (SELECT id FROM hs_exam WHERE name = 'Ablazione tartaro')),
    ((SELECT id FROM person WHERE fc = 'FLCVNT69L41A975G'), (SELECT id FROM hs_exam WHERE name = 'Colorazione aggiuntiva in bande: bandeggio Q')),
    ((SELECT id FROM person WHERE fc = 'FLCVNT69L41A975G'), (SELECT id FROM hs_exam WHERE name = 'Trattamento applicazioni protesi semovibili')),
    ((SELECT id FROM person WHERE fc = 'FLCVNT69L41A975G'), (SELECT id FROM hs_exam WHERE name = 'Analisi citogenetica per scambi di cromatidi')),
    ((SELECT id FROM person WHERE fc = 'FLCVNT69L41A975G'), (SELECT id FROM hs_exam WHERE name = 'Immunizzazione malattia autoimmune')),
    ((SELECT id FROM person WHERE fc = 'FLCVNT69L41A975G'), (SELECT id FROM hs_exam WHERE name = 'Asportazione di tessuto della gengiva')),
    ((SELECT id FROM person WHERE fc = 'FLCVNT69L41A975G'), (SELECT id FROM hs_exam WHERE name = 'Esercizi respiratori per seduta individuale')),
    ((SELECT id FROM person WHERE fc = 'FLCVNT69L41A975G'), (SELECT id FROM hs_exam WHERE name = 'Ricerca mutazione (SSCP)')),
    ((SELECT id FROM person WHERE fc = 'FLCVNT69L41A975G'), (SELECT id FROM hs_exam WHERE name = 'Analisi DNA per polimorfismo')),
    ((SELECT id FROM person WHERE fc = 'FLCVNT69L41A975G'), (SELECT id FROM hs_exam WHERE name = 'Applicazione corona e perno')),
    ((SELECT id FROM person WHERE fc = 'FLCVNT69L41A975G'), (SELECT id FROM hs_exam WHERE name = 'Altra estrazione chirurgica dente')),
    ((SELECT id FROM person WHERE fc = 'FLCVNT69L41A975G'), (SELECT id FROM hs_exam WHERE name = 'Applicazione di corona')),
    ((SELECT id FROM person WHERE fc = 'FLCVNT69L41A975G'), (SELECT id FROM hs_exam WHERE name = 'Estrazione DNA o RNA')),
    ((SELECT id FROM person WHERE fc = 'FLCVNT69L41A975G'), (SELECT id FROM hs_exam WHERE name = 'Tipizzazione genomica HLA : DQ seq. diretto')),
    ((SELECT id FROM person WHERE fc = 'FLCVNT69L41A975G'), (SELECT id FROM hs_exam WHERE name = 'Tipizzazione genomica HLA : DRB alta risoluzione')),
    ((SELECT id FROM person WHERE fc = 'FLCVNT69L41A975G'), (SELECT id FROM hs_exam WHERE name = 'Cariotipo da metafasi linfocitarie')),
    ((SELECT id FROM person WHERE fc = 'FLCVNT69L41A975G'), (SELECT id FROM hs_exam WHERE name = 'Ibridazione in SITU (Fish)')),
    ((SELECT id FROM person WHERE fc = 'FLCVNT69L41A975G'), (SELECT id FROM hs_exam WHERE name = 'Tomografia computerizzata dell''arto inferiore senza e con contrasto (patologia o sospetto oncologico)')),
    ((SELECT id FROM person WHERE fc = 'FLCVNT69L41A975G'), (SELECT id FROM hs_exam WHERE name = 'Test resistenza proteina C')),
    ((SELECT id FROM person WHERE fc = 'FLCVNT69L41A975G'), (SELECT id FROM hs_exam WHERE name = 'Terapia luce ultravioletta')),
    ((SELECT id FROM person WHERE fc = 'FLCVNT69L41A975G'), (SELECT id FROM hs_exam WHERE name = 'Terapia del dolore da metastasi ossee')),
    ((SELECT id FROM person WHERE fc = 'FLCVNT69L41A975G'), (SELECT id FROM hs_exam WHERE name = 'Shigelle')),
    ((SELECT id FROM person WHERE fc = 'FLCVNT69L41A975G'), (SELECT id FROM hs_exam WHERE name = 'Tipizzazione genomica HLA : B sequenziamento diretto')),
    ((SELECT id FROM person WHERE fc = 'FLCVNT69L41A975G'), (SELECT id FROM hs_exam WHERE name = 'Colorazione aggiuntiva in bande: bandeggio G')),
    ((SELECT id FROM person WHERE fc = 'FLCVNT69L41A975G'), (SELECT id FROM hs_exam WHERE name = 'Analisi mutazione del DNA con reazione polimerasica a catena'));

INSERT INTO hs_qualification(doctor, exam)
VALUES
    ((SELECT id FROM person WHERE fc = 'RNAGNI70R23B712K'), (SELECT id FROM hs_exam WHERE name = 'Radiologia diagnostica')),
    ((SELECT id FROM person WHERE fc = 'RNAGNI70R23B712K'), (SELECT id FROM hs_exam WHERE name = 'Estrazione di dente deciduo')),
    ((SELECT id FROM person WHERE fc = 'RNAGNI70R23B712K'), (SELECT id FROM hs_exam WHERE name = 'Tipizzazione genomica HLA : DQB1 bassa risoluzione')),
    ((SELECT id FROM person WHERE fc = 'RNAGNI70R23B712K'), (SELECT id FROM hs_exam WHERE name = 'Ricostruzione dente mediante otturazione a tre o più superfici')),
    ((SELECT id FROM person WHERE fc = 'RNAGNI70R23B712K'), (SELECT id FROM hs_exam WHERE name = 'Tempo di protrombina')),
    ((SELECT id FROM person WHERE fc = 'RNAGNI70R23B712K'), (SELECT id FROM hs_exam WHERE name = 'Impianto di dente')),
    ((SELECT id FROM person WHERE fc = 'RNAGNI70R23B712K'), (SELECT id FROM hs_exam WHERE name = 'Tomoscintigrafia miocardica (PET)')),
    ((SELECT id FROM person WHERE fc = 'RNAGNI70R23B712K'), (SELECT id FROM hs_exam WHERE name = 'Tipizzazione genomica')),
    ((SELECT id FROM person WHERE fc = 'RNAGNI70R23B712K'), (SELECT id FROM hs_exam WHERE name = 'Apicectomia')),
    ((SELECT id FROM person WHERE fc = 'RNAGNI70R23B712K'), (SELECT id FROM hs_exam WHERE name = 'Sigillatura solchi e fossette')),
    ((SELECT id FROM person WHERE fc = 'RNAGNI70R23B712K'), (SELECT id FROM hs_exam WHERE name = 'Tipizzazione genomica HLA : A sequenziamento diretto')),
    ((SELECT id FROM person WHERE fc = 'RNAGNI70R23B712K'), (SELECT id FROM hs_exam WHERE name = 'Orticarie fisiche')),
    ((SELECT id FROM person WHERE fc = 'RNAGNI70R23B712K'), (SELECT id FROM hs_exam WHERE name = 'Trattamento con apparecchi funzionali')),
    ((SELECT id FROM person WHERE fc = 'RNAGNI70R23B712K'), (SELECT id FROM hs_exam WHERE name = 'Ricostruzione dente mediante intarsio')),
    ((SELECT id FROM person WHERE fc = 'RNAGNI70R23B712K'), (SELECT id FROM hs_exam WHERE name = 'Colorazione aggiuntiva in bande: bandeggio G alta ris.')),
    ((SELECT id FROM person WHERE fc = 'RNAGNI70R23B712K'), (SELECT id FROM hs_exam WHERE name = 'Riparazione di apparecchio ortodontico')),
    ((SELECT id FROM person WHERE fc = 'RNAGNI70R23B712K'), (SELECT id FROM hs_exam WHERE name = 'Ibridazione con sonda molecolare')),
    ((SELECT id FROM person WHERE fc = 'RNAGNI70R23B712K'), (SELECT id FROM hs_exam WHERE name = 'Tomografia computerizzata del rachide')),
    ((SELECT id FROM person WHERE fc = 'RNAGNI70R23B712K'), (SELECT id FROM hs_exam WHERE name = 'Coltura per studio del cromosoma X')),
    ((SELECT id FROM person WHERE fc = 'RNAGNI70R23B712K'), (SELECT id FROM hs_exam WHERE name = 'Inalanti')),
    ((SELECT id FROM person WHERE fc = 'RNAGNI70R23B712K'), (SELECT id FROM hs_exam WHERE name = 'Esercizi respiratori per seduta collettiva')),
    ((SELECT id FROM person WHERE fc = 'RNAGNI70R23B712K'), (SELECT id FROM hs_exam WHERE name = 'Virus epatite B (HBV) Anticorpi Hbeag')),
    ((SELECT id FROM person WHERE fc = 'RNAGNI70R23B712K'), (SELECT id FROM hs_exam WHERE name = 'Colorazione aggiuntiva in bande: bandeggio NOR')),
    ((SELECT id FROM person WHERE fc = 'RNAGNI70R23B712K'), (SELECT id FROM hs_exam WHERE name = 'Analisi citogenetica per ricerca siti fragili')),
    ((SELECT id FROM person WHERE fc = 'RNAGNI70R23B712K'), (SELECT id FROM hs_exam WHERE name = 'Campylobacter esame colturale')),
    ((SELECT id FROM person WHERE fc = 'RNAGNI70R23B712K'), (SELECT id FROM hs_exam WHERE name = 'Risonanza magnetica nucleare (RM) della colonna senza e con contrasto')),
    ((SELECT id FROM person WHERE fc = 'RNAGNI70R23B712K'), (SELECT id FROM hs_exam WHERE name = 'Tomografia computerizzata dell''arto superiore (solo con patologia traumatica acuta)')),
    ((SELECT id FROM person WHERE fc = 'RNAGNI70R23B712K'), (SELECT id FROM hs_exam WHERE name = 'Tomoscintigrafia globale')),
    ((SELECT id FROM person WHERE fc = 'RNAGNI70R23B712K'), (SELECT id FROM hs_exam WHERE name = 'Altra riparazione dentaria')),
    ((SELECT id FROM person WHERE fc = 'RNAGNI70R23B712K'), (SELECT id FROM hs_exam WHERE name = 'Coltura di materiale abortivo')),
    ((SELECT id FROM person WHERE fc = 'RNAGNI70R23B712K'), (SELECT id FROM hs_exam WHERE name = 'Intervento chirurgico preprotesico')),
    ((SELECT id FROM person WHERE fc = 'RNAGNI70R23B712K'), (SELECT id FROM hs_exam WHERE name = 'Cariotipo ad alta risoluzione')),
    ((SELECT id FROM person WHERE fc = 'RNAGNI70R23B712K'), (SELECT id FROM hs_exam WHERE name = 'Asportazione di lesione dentaria della mandibola (gratuita fino a 14 anni)')),
    ((SELECT id FROM person WHERE fc = 'RNAGNI70R23B712K'), (SELECT id FROM hs_exam WHERE name = 'Tipizzazione sierologica HLA classe I')),
    ((SELECT id FROM person WHERE fc = 'RNAGNI70R23B712K'), (SELECT id FROM hs_exam WHERE name = 'Ricerca Mutazione (DGGE)')),
    ((SELECT id FROM person WHERE fc = 'RNAGNI70R23B712K'), (SELECT id FROM hs_exam WHERE name = 'Trattamento con apparecchi fissi')),
    ((SELECT id FROM person WHERE fc = 'RNAGNI70R23B712K'), (SELECT id FROM hs_exam WHERE name = 'Inserzione di protesi rimovibile')),
    ((SELECT id FROM person WHERE fc = 'RNAGNI70R23B712K'), (SELECT id FROM hs_exam WHERE name = 'Irradiazione cutanea')),
    ((SELECT id FROM person WHERE fc = 'RNAGNI70R23B712K'), (SELECT id FROM hs_exam WHERE name = 'Gengivoplastica')),
    ((SELECT id FROM person WHERE fc = 'RNAGNI70R23B712K'), (SELECT id FROM hs_exam WHERE name = 'Analisi DNA studio citometrico')),
    ((SELECT id FROM person WHERE fc = 'RNAGNI70R23B712K'), (SELECT id FROM hs_exam WHERE name = 'Risonanza magnetica nucleare (RM) della colonna cervicale')),
    ((SELECT id FROM person WHERE fc = 'RNAGNI70R23B712K'), (SELECT id FROM hs_exam WHERE name = 'Colorazione aggiuntiva in bande: bandeggio R')),
    ((SELECT id FROM person WHERE fc = 'RNAGNI70R23B712K'), (SELECT id FROM hs_exam WHERE name = 'Altra inserzione di protesi')),
    ((SELECT id FROM person WHERE fc = 'RNAGNI70R23B712K'), (SELECT id FROM hs_exam WHERE name = 'Tomografia computerizzata dell''arto superiore senza e con contrasto (patologia o sospetto oncologico)')),
    ((SELECT id FROM person WHERE fc = 'RNAGNI70R23B712K'), (SELECT id FROM hs_exam WHERE name = 'Tempo di tromboplastina')),
    ((SELECT id FROM person WHERE fc = 'RNAGNI70R23B712K'), (SELECT id FROM hs_exam WHERE name = 'Coltura di amniociti')),
    ((SELECT id FROM person WHERE fc = 'RNAGNI70R23B712K'), (SELECT id FROM hs_exam WHERE name = 'Trombossano B2')),
    ((SELECT id FROM person WHERE fc = 'RNAGNI70R23B712K'), (SELECT id FROM hs_exam WHERE name = 'Tipizzazione sierologica HLA classe II')),
    ((SELECT id FROM person WHERE fc = 'RNAGNI70R23B712K'), (SELECT id FROM hs_exam WHERE name = 'Colorazione aggiuntiva in bande: Actinomicina D')),
    ((SELECT id FROM person WHERE fc = 'RNAGNI70R23B712K'), (SELECT id FROM hs_exam WHERE name = 'Colorazione aggiuntiva in bande: bandeggio C'));

INSERT INTO hs_qualification(doctor, exam)
VALUES
    ((SELECT id FROM person WHERE fc = 'RSSGTN68C19G736G'), (SELECT id FROM hs_exam WHERE name = 'Miceti anticorpi')),
    ((SELECT id FROM person WHERE fc = 'RSSGTN68C19G736G'), (SELECT id FROM hs_exam WHERE name = 'Colorazione aggiuntiva in bande: distamicina A')),
    ((SELECT id FROM person WHERE fc = 'RSSGTN68C19G736G'), (SELECT id FROM hs_exam WHERE name = 'Impianto di protesi dentaria')),
    ((SELECT id FROM person WHERE fc = 'RSSGTN68C19G736G'), (SELECT id FROM hs_exam WHERE name = 'Coltura di linfociti periferici')),
    ((SELECT id FROM person WHERE fc = 'RSSGTN68C19G736G'), (SELECT id FROM hs_exam WHERE name = 'Tipizzazione genomica HLA : DP seq. diretto')),
    ((SELECT id FROM person WHERE fc = 'RSSGTN68C19G736G'), (SELECT id FROM hs_exam WHERE name = 'Tomografia computerizzata dell''arto inferiore (patologia traumatica)')),
    ((SELECT id FROM person WHERE fc = 'RSSGTN68C19G736G'), (SELECT id FROM hs_exam WHERE name = 'Analisi DNA e ibridazione con sonda')),
    ((SELECT id FROM person WHERE fc = 'RSSGTN68C19G736G'), (SELECT id FROM hs_exam WHERE name = 'Digestione DNA con enzimi')),
    ((SELECT id FROM person WHERE fc = 'RSSGTN68C19G736G'), (SELECT id FROM hs_exam WHERE name = 'Ricostruzione dente con otturazione')),
    ((SELECT id FROM person WHERE fc = 'RSSGTN68C19G736G'), (SELECT id FROM hs_exam WHERE name = 'Coltura semisolida di cellule emopoietiche')),
    ((SELECT id FROM person WHERE fc = 'RSSGTN68C19G736G'), (SELECT id FROM hs_exam WHERE name = 'Analisi citogenetica per studio riarrangiamenti')),
    ((SELECT id FROM person WHERE fc = 'RSSGTN68C19G736G'), (SELECT id FROM hs_exam WHERE name = 'Radioterapia stereotassica')),
    ((SELECT id FROM person WHERE fc = 'RSSGTN68C19G736G'), (SELECT id FROM hs_exam WHERE name = 'Splintaggio per gruppi di 4 denti')),
    ((SELECT id FROM person WHERE fc = 'RSSGTN68C19G736G'), (SELECT id FROM hs_exam WHERE name = 'Test epicutanei a lettura ritardata')),
    ((SELECT id FROM person WHERE fc = 'RSSGTN68C19G736G'), (SELECT id FROM hs_exam WHERE name = 'Cariotipo da metafasi spontanee di villi corali')),
    ((SELECT id FROM person WHERE fc = 'RSSGTN68C19G736G'), (SELECT id FROM hs_exam WHERE name = 'Cariotipo da metafasi di fibroblasti')),
    ((SELECT id FROM person WHERE fc = 'RSSGTN68C19G736G'), (SELECT id FROM hs_exam WHERE name = 'Tipizzazione genomica HLA : C seq. diretto')),
    ((SELECT id FROM person WHERE fc = 'RSSGTN68C19G736G'), (SELECT id FROM hs_exam WHERE name = 'Miceti lieviti')),
    ((SELECT id FROM person WHERE fc = 'RSSGTN68C19G736G'), (SELECT id FROM hs_exam WHERE name = 'Coltura di cilli coriali')),
    ((SELECT id FROM person WHERE fc = 'RSSGTN68C19G736G'), (SELECT id FROM hs_exam WHERE name = 'Altra applicazione corona e perno')),
    ((SELECT id FROM person WHERE fc = 'RSSGTN68C19G736G'), (SELECT id FROM hs_exam WHERE name = 'Inserzione di ponte fisso')),
    ((SELECT id FROM person WHERE fc = 'RSSGTN68C19G736G'), (SELECT id FROM hs_exam WHERE name = 'Terapia canalare in pluriradicolato')),
    ((SELECT id FROM person WHERE fc = 'RSSGTN68C19G736G'), (SELECT id FROM hs_exam WHERE name = 'Tomografia computerizzata con contrasto')),
    ((SELECT id FROM person WHERE fc = 'RSSGTN68C19G736G'), (SELECT id FROM hs_exam WHERE name = 'Trattamento ortodontico con apparecchi mobili')),
    ((SELECT id FROM person WHERE fc = 'RSSGTN68C19G736G'), (SELECT id FROM hs_exam WHERE name = 'Conservazione campioni DNA RNA')),
    ((SELECT id FROM person WHERE fc = 'RSSGTN68C19G736G'), (SELECT id FROM hs_exam WHERE name = 'Crioconservazione in azoto liquido di cellule e tessuti')),
    ((SELECT id FROM person WHERE fc = 'RSSGTN68C19G736G'), (SELECT id FROM hs_exam WHERE name = 'Inserzione di protesi provvisoria')),
    ((SELECT id FROM person WHERE fc = 'RSSGTN68C19G736G'), (SELECT id FROM hs_exam WHERE name = 'Test a lettura immediata')),
    ((SELECT id FROM person WHERE fc = 'RSSGTN68C19G736G'), (SELECT id FROM hs_exam WHERE name = 'Tipizzazione genomica HLA : DQB1 alta risoluzione')),
    ((SELECT id FROM person WHERE fc = 'RSSGTN68C19G736G'), (SELECT id FROM hs_exam WHERE name = 'Campylobacter da coltura')),
    ((SELECT id FROM person WHERE fc = 'RSSGTN68C19G736G'), (SELECT id FROM hs_exam WHERE name = 'Campylobacter antibiogramma')),
    ((SELECT id FROM person WHERE fc = 'RSSGTN68C19G736G'), (SELECT id FROM hs_exam WHERE name = 'Altra applicazione corona')),
    ((SELECT id FROM person WHERE fc = 'RSSGTN68C19G736G'), (SELECT id FROM hs_exam WHERE name = 'Chlamydie ricerca diretta (EIA)'));

INSERT INTO hs_qualification(doctor, exam)
VALUES
    ((SELECT id FROM person WHERE fc = 'GRCSRG82P27E329Q'), (SELECT id FROM hs_exam WHERE name = 'Ricostruzione dente con otturazione')),
    ((SELECT id FROM person WHERE fc = 'GRCSRG82P27E329Q'), (SELECT id FROM hs_exam WHERE name = 'Altra applicazione corona')),
    ((SELECT id FROM person WHERE fc = 'GRCSRG82P27E329Q'), (SELECT id FROM hs_exam WHERE name = 'Tipizzazione genomica HLA : DQB1 bassa risoluzione')),
    ((SELECT id FROM person WHERE fc = 'GRCSRG82P27E329Q'), (SELECT id FROM hs_exam WHERE name = 'Colorazione aggiuntiva in bande: bandeggio Q')),
    ((SELECT id FROM person WHERE fc = 'GRCSRG82P27E329Q'), (SELECT id FROM hs_exam WHERE name = 'Campylobacter esame colturale')),
    ((SELECT id FROM person WHERE fc = 'GRCSRG82P27E329Q'), (SELECT id FROM hs_exam WHERE name = 'Inserzione di protesi rimovibile')),
    ((SELECT id FROM person WHERE fc = 'GRCSRG82P27E329Q'), (SELECT id FROM hs_exam WHERE name = 'Altra estrazione chirurgica dente')),
    ((SELECT id FROM person WHERE fc = 'GRCSRG82P27E329Q'), (SELECT id FROM hs_exam WHERE name = 'Colorazione aggiuntiva in bande: bandeggio G')),
    ((SELECT id FROM person WHERE fc = 'GRCSRG82P27E329Q'), (SELECT id FROM hs_exam WHERE name = 'Tomoscintigrafia Cerebrale (PET)')),
    ((SELECT id FROM person WHERE fc = 'GRCSRG82P27E329Q'), (SELECT id FROM hs_exam WHERE name = 'Coltura di materiale abortivo')),
    ((SELECT id FROM person WHERE fc = 'GRCSRG82P27E329Q'), (SELECT id FROM hs_exam WHERE name = 'Tipizzazione genomica HLA : C seq. diretto')),
    ((SELECT id FROM person WHERE fc = 'GRCSRG82P27E329Q'), (SELECT id FROM hs_exam WHERE name = 'Applicazione corona e perno')),
    ((SELECT id FROM person WHERE fc = 'GRCSRG82P27E329Q'), (SELECT id FROM hs_exam WHERE name = 'Analisi citogenetica per studio mosaicismo')),
    ((SELECT id FROM person WHERE fc = 'GRCSRG82P27E329Q'), (SELECT id FROM hs_exam WHERE name = 'Tipizzazione genomica HLA : A sequenziamento diretto')),
    ((SELECT id FROM person WHERE fc = 'GRCSRG82P27E329Q'), (SELECT id FROM hs_exam WHERE name = 'Terapia luce ultravioletta')),
    ((SELECT id FROM person WHERE fc = 'GRCSRG82P27E329Q'), (SELECT id FROM hs_exam WHERE name = 'Sigillatura solchi e fossette')),
    ((SELECT id FROM person WHERE fc = 'GRCSRG82P27E329Q'), (SELECT id FROM hs_exam WHERE name = 'Ricostruzione dente mediante otturazione a tre o più superfici')),
    ((SELECT id FROM person WHERE fc = 'GRCSRG82P27E329Q'), (SELECT id FROM hs_exam WHERE name = 'Radiologia diagnostica')),
    ((SELECT id FROM person WHERE fc = 'GRCSRG82P27E329Q'), (SELECT id FROM hs_exam WHERE name = 'Tomografia computerizzata dell''arto superiore (solo con patologia traumatica acuta)')),
    ((SELECT id FROM person WHERE fc = 'GRCSRG82P27E329Q'), (SELECT id FROM hs_exam WHERE name = 'Salmonelle da coltura')),
    ((SELECT id FROM person WHERE fc = 'GRCSRG82P27E329Q'), (SELECT id FROM hs_exam WHERE name = 'Colorazione aggiuntiva in bande: bandeggio NOR')),
    ((SELECT id FROM person WHERE fc = 'GRCSRG82P27E329Q'), (SELECT id FROM hs_exam WHERE name = 'Ibridazione in SITU (Fish)')),
    ((SELECT id FROM person WHERE fc = 'GRCSRG82P27E329Q'), (SELECT id FROM hs_exam WHERE name = 'Impianto di protesi dentaria')),
    ((SELECT id FROM person WHERE fc = 'GRCSRG82P27E329Q'), (SELECT id FROM hs_exam WHERE name = 'Orticarie fisiche')),
    ((SELECT id FROM person WHERE fc = 'GRCSRG82P27E329Q'), (SELECT id FROM hs_exam WHERE name = 'Trombossano B2')),
    ((SELECT id FROM person WHERE fc = 'GRCSRG82P27E329Q'), (SELECT id FROM hs_exam WHERE name = 'Risonanza magnetica nucleare (RM) della colonna senza e con contrasto')),
    ((SELECT id FROM person WHERE fc = 'GRCSRG82P27E329Q'), (SELECT id FROM hs_exam WHERE name = 'Terapia del dolore da metastasi ossee')),
    ((SELECT id FROM person WHERE fc = 'GRCSRG82P27E329Q'), (SELECT id FROM hs_exam WHERE name = 'Asportazione di tessuto della gengiva')),
    ((SELECT id FROM person WHERE fc = 'GRCSRG82P27E329Q'), (SELECT id FROM hs_exam WHERE name = 'Virus epatite B (HBV) Anticorpi Hbeag')),
    ((SELECT id FROM person WHERE fc = 'GRCSRG82P27E329Q'), (SELECT id FROM hs_exam WHERE name = 'Tipizzazione genomica HLA : DP seq. diretto')),
    ((SELECT id FROM person WHERE fc = 'GRCSRG82P27E329Q'), (SELECT id FROM hs_exam WHERE name = 'Miceti anticorpi')),
    ((SELECT id FROM person WHERE fc = 'GRCSRG82P27E329Q'), (SELECT id FROM hs_exam WHERE name = 'Ricerca mutazione (SSCP)')),
    ((SELECT id FROM person WHERE fc = 'GRCSRG82P27E329Q'), (SELECT id FROM hs_exam WHERE name = 'Gengivoplastica')),
    ((SELECT id FROM person WHERE fc = 'GRCSRG82P27E329Q'), (SELECT id FROM hs_exam WHERE name = 'Applicazione di corona in lega aurea')),
    ((SELECT id FROM person WHERE fc = 'GRCSRG82P27E329Q'), (SELECT id FROM hs_exam WHERE name = 'Coltura di linfociti periferici')),
    ((SELECT id FROM person WHERE fc = 'GRCSRG82P27E329Q'), (SELECT id FROM hs_exam WHERE name = 'Analisi DNA e ibridazione con sonda')),
    ((SELECT id FROM person WHERE fc = 'GRCSRG82P27E329Q'), (SELECT id FROM hs_exam WHERE name = 'Inserzione di protesi provvisoria')),
    ((SELECT id FROM person WHERE fc = 'GRCSRG82P27E329Q'), (SELECT id FROM hs_exam WHERE name = 'Test epicutanei a lettura ritardata')),
    ((SELECT id FROM person WHERE fc = 'GRCSRG82P27E329Q'), (SELECT id FROM hs_exam WHERE name = 'Apicectomia')),
    ((SELECT id FROM person WHERE fc = 'GRCSRG82P27E329Q'), (SELECT id FROM hs_exam WHERE name = 'Campylobacter da coltura')),
    ((SELECT id FROM person WHERE fc = 'GRCSRG82P27E329Q'), (SELECT id FROM hs_exam WHERE name = 'Irradiazione cutanea')),
    ((SELECT id FROM person WHERE fc = 'GRCSRG82P27E329Q'), (SELECT id FROM hs_exam WHERE name = 'Colorazione aggiuntiva in bande: distamicina A')),
    ((SELECT id FROM person WHERE fc = 'GRCSRG82P27E329Q'), (SELECT id FROM hs_exam WHERE name = 'Splintaggio per gruppi di 4 denti')),
    ((SELECT id FROM person WHERE fc = 'GRCSRG82P27E329Q'), (SELECT id FROM hs_exam WHERE name = 'Applicazione di corona')),
    ((SELECT id FROM person WHERE fc = 'GRCSRG82P27E329Q'), (SELECT id FROM hs_exam WHERE name = 'Tomografia computerizzata del rachide')),
    ((SELECT id FROM person WHERE fc = 'GRCSRG82P27E329Q'), (SELECT id FROM hs_exam WHERE name = 'Analisi di segmenti di DNA')),
    ((SELECT id FROM person WHERE fc = 'GRCSRG82P27E329Q'), (SELECT id FROM hs_exam WHERE name = 'Cariotipo da metafasi spontanee di villi corali')),
    ((SELECT id FROM person WHERE fc = 'GRCSRG82P27E329Q'), (SELECT id FROM hs_exam WHERE name = 'Tomografia computerizzata dell''arto superiore senza e con contrasto (patologia o sospetto oncologico)')),
    ((SELECT id FROM person WHERE fc = 'GRCSRG82P27E329Q'), (SELECT id FROM hs_exam WHERE name = 'Tipizzazione sierologica HLA classe I')),
    ((SELECT id FROM person WHERE fc = 'GRCSRG82P27E329Q'), (SELECT id FROM hs_exam WHERE name = 'Radioterapia stereotassica')),
    ((SELECT id FROM person WHERE fc = 'GRCSRG82P27E329Q'), (SELECT id FROM hs_exam WHERE name = 'Ricerca Mutazione (DGGE)')),
    ((SELECT id FROM person WHERE fc = 'GRCSRG82P27E329Q'), (SELECT id FROM hs_exam WHERE name = 'Tipizzazione genomica HLA : DQ seq. diretto')),
    ((SELECT id FROM person WHERE fc = 'GRCSRG82P27E329Q'), (SELECT id FROM hs_exam WHERE name = 'Estrazione di dente permanente')),
    ((SELECT id FROM person WHERE fc = 'GRCSRG82P27E329Q'), (SELECT id FROM hs_exam WHERE name = 'Riparazione di apparecchio ortodontico')),
    ((SELECT id FROM person WHERE fc = 'GRCSRG82P27E329Q'), (SELECT id FROM hs_exam WHERE name = 'Tomoscintigrafia miocardica (PET)')),
    ((SELECT id FROM person WHERE fc = 'GRCSRG82P27E329Q'), (SELECT id FROM hs_exam WHERE name = 'Altra applicazione corona e perno')),
    ((SELECT id FROM person WHERE fc = 'GRCSRG82P27E329Q'), (SELECT id FROM hs_exam WHERE name = 'Tipizzazione genomica HLA : DR seq. diretto')),
    ((SELECT id FROM person WHERE fc = 'GRCSRG82P27E329Q'), (SELECT id FROM hs_exam WHERE name = 'Altra inserzione di protesi')),
    ((SELECT id FROM person WHERE fc = 'GRCSRG82P27E329Q'), (SELECT id FROM hs_exam WHERE name = 'Analisi citogenetica per scambi di cromatidi')),
    ((SELECT id FROM person WHERE fc = 'GRCSRG82P27E329Q'), (SELECT id FROM hs_exam WHERE name = 'Conservazione campioni DNA RNA')),
    ((SELECT id FROM person WHERE fc = 'GRCSRG82P27E329Q'), (SELECT id FROM hs_exam WHERE name = 'Miceti lieviti')),
    ((SELECT id FROM person WHERE fc = 'GRCSRG82P27E329Q'), (SELECT id FROM hs_exam WHERE name = 'Terapie e riabilitazioni')),
    ((SELECT id FROM person WHERE fc = 'GRCSRG82P27E329Q'), (SELECT id FROM hs_exam WHERE name = 'Tomoscintigrafia globale')),
    ((SELECT id FROM person WHERE fc = 'GRCSRG82P27E329Q'), (SELECT id FROM hs_exam WHERE name = 'Asportazione di lesione dentaria della mandibola (gratuita fino a 14 anni)')),
    ((SELECT id FROM person WHERE fc = 'GRCSRG82P27E329Q'), (SELECT id FROM hs_exam WHERE name = 'Tipizzazione genomica HLA : DRB bassa risoluzione')),
    ((SELECT id FROM person WHERE fc = 'GRCSRG82P27E329Q'), (SELECT id FROM hs_exam WHERE name = 'Ricostruzione dente mediante intarsio')),
    ((SELECT id FROM person WHERE fc = 'GRCSRG82P27E329Q'), (SELECT id FROM hs_exam WHERE name = 'Trattamento con apparecchi funzionali'));

INSERT INTO hs_qualification(doctor, exam)
VALUES
    ((SELECT id FROM person WHERE fc = 'SRRSFN72D69H006B'), (SELECT id FROM hs_exam WHERE name = 'Campylobacter antibiogramma')),
    ((SELECT id FROM person WHERE fc = 'SRRSFN72D69H006B'), (SELECT id FROM hs_exam WHERE name = 'Coltura di cilli coriali')),
    ((SELECT id FROM person WHERE fc = 'SRRSFN72D69H006B'), (SELECT id FROM hs_exam WHERE name = 'Ibridazione con sonda molecolare')),
    ((SELECT id FROM person WHERE fc = 'SRRSFN72D69H006B'), (SELECT id FROM hs_exam WHERE name = 'Tipizzazione genomica HLA : B sequenziamento diretto')),
    ((SELECT id FROM person WHERE fc = 'SRRSFN72D69H006B'), (SELECT id FROM hs_exam WHERE name = 'Rimozione protesi dentarie')),
    ((SELECT id FROM person WHERE fc = 'SRRSFN72D69H006B'), (SELECT id FROM hs_exam WHERE name = 'Viscosita ematica')),
    ((SELECT id FROM person WHERE fc = 'SRRSFN72D69H006B'), (SELECT id FROM hs_exam WHERE name = 'Colorazione aggiuntiva in bande: bandeggio G alta ris.')),
    ((SELECT id FROM person WHERE fc = 'SRRSFN72D69H006B'), (SELECT id FROM hs_exam WHERE name = 'Tipizzazione genomica HLA : DQ alta risoluzione')),
    ((SELECT id FROM person WHERE fc = 'SRRSFN72D69H006B'), (SELECT id FROM hs_exam WHERE name = 'Esercizi respiratori per seduta individuale')),
    ((SELECT id FROM person WHERE fc = 'SRRSFN72D69H006B'), (SELECT id FROM hs_exam WHERE name = 'Test resistenza proteina C')),
    ((SELECT id FROM person WHERE fc = 'SRRSFN72D69H006B'), (SELECT id FROM hs_exam WHERE name = 'Coltura di villi coriali a breve termine')),
    ((SELECT id FROM person WHERE fc = 'SRRSFN72D69H006B'), (SELECT id FROM hs_exam WHERE name = 'Analisi DNA studio citometrico')),
    ((SELECT id FROM person WHERE fc = 'SRRSFN72D69H006B'), (SELECT id FROM hs_exam WHERE name = 'Cariotipo da metafasi di fibroblasti')),
    ((SELECT id FROM person WHERE fc = 'SRRSFN72D69H006B'), (SELECT id FROM hs_exam WHERE name = 'Cariotipo da metafasi di midollo osseo')),
    ((SELECT id FROM person WHERE fc = 'SRRSFN72D69H006B'), (SELECT id FROM hs_exam WHERE name = 'Analisi DNA per polimorfismo')),
    ((SELECT id FROM person WHERE fc = 'SRRSFN72D69H006B'), (SELECT id FROM hs_exam WHERE name = 'Test a lettura immediata')),
    ((SELECT id FROM person WHERE fc = 'SRRSFN72D69H006B'), (SELECT id FROM hs_exam WHERE name = 'Esercizi respiratori per seduta collettiva')),
    ((SELECT id FROM person WHERE fc = 'SRRSFN72D69H006B'), (SELECT id FROM hs_exam WHERE name = 'Levigatura delle radici')),
    ((SELECT id FROM person WHERE fc = 'SRRSFN72D69H006B'), (SELECT id FROM hs_exam WHERE name = 'Tomografia computerizzata dell''arto inferiore senza e con contrasto (patologia o sospetto oncologico)')),
    ((SELECT id FROM person WHERE fc = 'SRRSFN72D69H006B'), (SELECT id FROM hs_exam WHERE name = 'Tempo di protrombina')),
    ((SELECT id FROM person WHERE fc = 'SRRSFN72D69H006B'), (SELECT id FROM hs_exam WHERE name = 'Crioconservazione in azoto liquido di cellule e tessuti')),
    ((SELECT id FROM person WHERE fc = 'SRRSFN72D69H006B'), (SELECT id FROM hs_exam WHERE name = 'Chlamydie ricerca diretta (EIA)')),
    ((SELECT id FROM person WHERE fc = 'SRRSFN72D69H006B'), (SELECT id FROM hs_exam WHERE name = 'Trattamento applicazioni protesi semovibili')),
    ((SELECT id FROM person WHERE fc = 'SRRSFN72D69H006B'), (SELECT id FROM hs_exam WHERE name = 'Test aggregazione piastrinica')),
    ((SELECT id FROM person WHERE fc = 'SRRSFN72D69H006B'), (SELECT id FROM hs_exam WHERE name = 'Colorazione aggiuntiva in bande: bandeggio T')),
    ((SELECT id FROM person WHERE fc = 'SRRSFN72D69H006B'), (SELECT id FROM hs_exam WHERE name = 'Altra riparazione dentaria')),
    ((SELECT id FROM person WHERE fc = 'SRRSFN72D69H006B'), (SELECT id FROM hs_exam WHERE name = 'Coltura semisolida di cellule emopoietiche')),
    ((SELECT id FROM person WHERE fc = 'SRRSFN72D69H006B'), (SELECT id FROM hs_exam WHERE name = 'Chlamydie ricerca diretta (IF)')),
    ((SELECT id FROM person WHERE fc = 'SRRSFN72D69H006B'), (SELECT id FROM hs_exam WHERE name = 'Colorazione aggiuntiva in bande: Actinomicina D')),
    ((SELECT id FROM person WHERE fc = 'SRRSFN72D69H006B'), (SELECT id FROM hs_exam WHERE name = 'Risonanza magnetica nucleare (RM) della colonna cervicale')),
    ((SELECT id FROM person WHERE fc = 'SRRSFN72D69H006B'), (SELECT id FROM hs_exam WHERE name = 'Crioconservazione in azoto liquido di colture cellulari')),
    ((SELECT id FROM person WHERE fc = 'SRRSFN72D69H006B'), (SELECT id FROM hs_exam WHERE name = 'Terapia canalare in monoradicolato')),
    ((SELECT id FROM person WHERE fc = 'SRRSFN72D69H006B'), (SELECT id FROM hs_exam WHERE name = 'Colorazione aggiuntiva in bande: bandeggio R')),
    ((SELECT id FROM person WHERE fc = 'SRRSFN72D69H006B'), (SELECT id FROM hs_exam WHERE name = 'Cariotipo da metafasi linfocitarie')),
    ((SELECT id FROM person WHERE fc = 'SRRSFN72D69H006B'), (SELECT id FROM hs_exam WHERE name = 'Coltura di amniociti')),
    ((SELECT id FROM person WHERE fc = 'SRRSFN72D69H006B'), (SELECT id FROM hs_exam WHERE name = 'Tipizzazione genomica HLA : DP alta risoluzione')),
    ((SELECT id FROM person WHERE fc = 'SRRSFN72D69H006B'), (SELECT id FROM hs_exam WHERE name = 'Analisi mutazione del DNA con reazione polimerasica a catena')),
    ((SELECT id FROM person WHERE fc = 'SRRSFN72D69H006B'), (SELECT id FROM hs_exam WHERE name = 'Analisi citogenetica per ricerca siti fragili')),
    ((SELECT id FROM person WHERE fc = 'SRRSFN72D69H006B'), (SELECT id FROM hs_exam WHERE name = 'Immunizzazione malattia autoimmune')),
    ((SELECT id FROM person WHERE fc = 'SRRSFN72D69H006B'), (SELECT id FROM hs_exam WHERE name = 'Colorazione aggiuntiva in bande: bandeggio C')),
    ((SELECT id FROM person WHERE fc = 'SRRSFN72D69H006B'), (SELECT id FROM hs_exam WHERE name = 'Tempo di tromboplastina')),
    ((SELECT id FROM person WHERE fc = 'SRRSFN72D69H006B'), (SELECT id FROM hs_exam WHERE name = 'Tipizzazione genomica HLA : DRB alta risoluzione')),
    ((SELECT id FROM person WHERE fc = 'SRRSFN72D69H006B'), (SELECT id FROM hs_exam WHERE name = 'Tomografia computerizzata con contrasto')),
    ((SELECT id FROM person WHERE fc = 'SRRSFN72D69H006B'), (SELECT id FROM hs_exam WHERE name = 'Ablazione tartaro')),
    ((SELECT id FROM person WHERE fc = 'SRRSFN72D69H006B'), (SELECT id FROM hs_exam WHERE name = 'Estrazione DNA o RNA')),
    ((SELECT id FROM person WHERE fc = 'SRRSFN72D69H006B'), (SELECT id FROM hs_exam WHERE name = 'Tipizzazione genomica')),
    ((SELECT id FROM person WHERE fc = 'SRRSFN72D69H006B'), (SELECT id FROM hs_exam WHERE name = 'Trattamento ortodontico con apparecchi mobili')),
    ((SELECT id FROM person WHERE fc = 'SRRSFN72D69H006B'), (SELECT id FROM hs_exam WHERE name = 'Cariotipo ad alta risoluzione')),
    ((SELECT id FROM person WHERE fc = 'SRRSFN72D69H006B'), (SELECT id FROM hs_exam WHERE name = 'Inalanti')),
    ((SELECT id FROM person WHERE fc = 'SRRSFN72D69H006B'), (SELECT id FROM hs_exam WHERE name = 'Coltura per studio del cromosoma X')),
    ((SELECT id FROM person WHERE fc = 'SRRSFN72D69H006B'), (SELECT id FROM hs_exam WHERE name = 'Impianto di dente')),
    ((SELECT id FROM person WHERE fc = 'SRRSFN72D69H006B'), (SELECT id FROM hs_exam WHERE name = 'Terapia canalare in pluriradicolato')),
    ((SELECT id FROM person WHERE fc = 'SRRSFN72D69H006B'), (SELECT id FROM hs_exam WHERE name = 'Immunizzazione allergia')),
    ((SELECT id FROM person WHERE fc = 'SRRSFN72D69H006B'), (SELECT id FROM hs_exam WHERE name = 'Tipizzazione genomica HLA : B')),
    ((SELECT id FROM person WHERE fc = 'SRRSFN72D69H006B'), (SELECT id FROM hs_exam WHERE name = 'Analisi citogenetica per studio riarrangiamenti')),
    ((SELECT id FROM person WHERE fc = 'SRRSFN72D69H006B'), (SELECT id FROM hs_exam WHERE name = 'Estrazione di dente deciduo')),
    ((SELECT id FROM person WHERE fc = 'SRRSFN72D69H006B'), (SELECT id FROM hs_exam WHERE name = 'Intervento chirurgico preprotesico')),
    ((SELECT id FROM person WHERE fc = 'SRRSFN72D69H006B'), (SELECT id FROM hs_exam WHERE name = 'Digestione DNA con enzimi')),
    ((SELECT id FROM person WHERE fc = 'SRRSFN72D69H006B'), (SELECT id FROM hs_exam WHERE name = 'Shigelle')),
    ((SELECT id FROM person WHERE fc = 'SRRSFN72D69H006B'), (SELECT id FROM hs_exam WHERE name = 'Tomografia computerizzata dell''arto inferiore (patologia traumatica)')),
    ((SELECT id FROM person WHERE fc = 'SRRSFN72D69H006B'), (SELECT id FROM hs_exam WHERE name = 'Tipizzazione genomica HLA : C')),
    ((SELECT id FROM person WHERE fc = 'SRRSFN72D69H006B'), (SELECT id FROM hs_exam WHERE name = 'Inserzione di ponte fisso')),
    ((SELECT id FROM person WHERE fc = 'SRRSFN72D69H006B'), (SELECT id FROM hs_exam WHERE name = 'Chlamydie ricerca diretta (ibridazione)')),
    ((SELECT id FROM person WHERE fc = 'SRRSFN72D69H006B'), (SELECT id FROM hs_exam WHERE name = 'Trattamento con apparecchi fissi')),
    ((SELECT id FROM person WHERE fc = 'SRRSFN72D69H006B'), (SELECT id FROM hs_exam WHERE name = 'Tipizzazione sierologica HLA classe II')),
    ((SELECT id FROM person WHERE fc = 'SRRSFN72D69H006B'), (SELECT id FROM hs_exam WHERE name = 'Tipizzazione genomica HLA : DQB1 alta risoluzione'));